RegistroANS,CNPJ,RazaoSocial,Trimestre,Ano,ValorDespesas
000515,,,3T,2025,2036279308
000582,,,3T,2025,484735597302
000701,,,3T,2025,287929096415
000884,,,3T,2025,25115231962
005711,,,3T,2025,2985685197389
006246,,,3T,2025,1991948359998
300136,,,3T,2025,10687478415
300713,,,3T,2025,14012276585
300730,,,3T,2025,268041114
301060,,,3T,2025,7246846049
301124,,,3T,2025,4471430475
301574,,,3T,2025,24082890869
301728,,,3T,2025,5919290944
301744,,,3T,2025,8130000790
301949,,,3T,2025,67179865413
302147,,,3T,2025,444349852948
302228,,,3T,2025,1825524757
302627,,,3T,2025,3446188755
302953,,,3T,2025,52873416940
303178,,,3T,2025,6488067944
303267,,,3T,2025,28694088377
303356,,,3T,2025,60117348665
303623,,,3T,2025,59312800799
303739,,,3T,2025,8910808079
303844,,,3T,2025,5715313808
303976,,,3T,2025,82089201968
304051,,,3T,2025,11366067725
304123,,,3T,2025,4969781708
304131,,,3T,2025,2364731801
304212,,,3T,2025,1344767044
304344,,,3T,2025,7969994363
304395,,,3T,2025,9758248417
304441,,,3T,2025,1347041094
304468,,,3T,2025,11215710876
304484,,,3T,2025,4758424667
304531,,,3T,2025,737998228
304701,,,3T,2025,271504643194
304883,,,3T,2025,20112347043
305227,,,3T,2025,9980427904
305421,,,3T,2025,267330216
305472,,,3T,2025,8174418316
305626,,,3T,2025,2508205922
305928,,,3T,2025,211792717
306045,,,3T,2025,648531777
306100,,,3T,2025,14912284595
306126,,,3T,2025,16746725776
306398,,,3T,2025,55813406629
306754,,,3T,2025,710524976
306762,,,3T,2025,17868950351
306886,,,3T,2025,58727920476
307319,,,3T,2025,24430146135
307751,,,3T,2025,9929470888
308811,,,3T,2025,3557138101
309028,,,3T,2025,911549375
309087,,,3T,2025,8806937039
309222,,,3T,2025,98234892586
309524,,,3T,2025,2007977183
309907,,,3T,2025,17630111125
310239,,,3T,2025,1855717300
310247,,,3T,2025,20343007698
310522,,,3T,2025,18327154413
310981,,,3T,2025,1130007112
311057,,,3T,2025,2527820226
311146,,,3T,2025,5208776696
311294,,,3T,2025,13831905218
311359,,,3T,2025,8993395747
311375,,,3T,2025,20790284787
311391,,,3T,2025,906054774
311472,,,3T,2025,1019386357
311618,,,3T,2025,12018439981
311715,,,3T,2025,13391684401
311847,,,3T,2025,33700107729
311944,,,3T,2025,2410927337
311961,,,3T,2025,9613795488
312126,,,3T,2025,150834809510
312282,,,3T,2025,2015656406
312347,,,3T,2025,18949535649
312363,,,3T,2025,435086960832
312592,,,3T,2025,11578367704
312720,,,3T,2025,85333855941
312851,,,3T,2025,89912679007
313084,,,3T,2025,6257307145
313149,,,3T,2025,535229944
313211,,,3T,2025,13316503639
313475,,,3T,2025,1069308862
313751,,,3T,2025,2546916519
313971,,,3T,2025,4532409539
314099,,,3T,2025,22570909813
314218,,,3T,2025,52431430771
314242,,,3T,2025,4071153611
314251,,,3T,2025,5831055285
314315,,,3T,2025,1133496971
314366,,,3T,2025,282054187
314587,,,3T,2025,3742075777
314668,,,3T,2025,12139481326
314706,,,3T,2025,968804922
314781,,,3T,2025,2833538925
315044,,,3T,2025,15769658877
315265,,,3T,2025,2882550456
315478,,,3T,2025,137840774250
315494,,,3T,2025,4201934457
315567,,,3T,2025,5057914084
315583,,,3T,2025,3704241491
315648,,,3T,2025,3134751487
315729,,,3T,2025,61048623882
315796,,,3T,2025,43018134466
316148,,,3T,2025,13891893280
316458,,,3T,2025,1915723281
316849,,,3T,2025,665483148
316873,,,3T,2025,11452772723
316881,,,3T,2025,14120407530
316903,,,3T,2025,37177329
316997,,,3T,2025,448844109
317012,,,3T,2025,5998273167
317144,,,3T,2025,244897477593
317233,,,3T,2025,27257920999
317632,,,3T,2025,5529130479
317896,,,3T,2025,3181275652
318035,,,3T,2025,5205683697
318213,,,3T,2025,9042574606
318388,,,3T,2025,12673114410
318477,,,3T,2025,6874858924
318566,,,3T,2025,9936805312
319121,,,3T,2025,65293765211
319180,,,3T,2025,5662983515
319384,,,3T,2025,20802807199
319422,,,3T,2025,6767511410
319708,,,3T,2025,17462150778
319872,,,3T,2025,339932758
319996,,,3T,2025,163403938622
320251,,,3T,2025,23189385452
320510,,,3T,2025,2188421506
320706,,,3T,2025,38988972189
320820,,,3T,2025,4742101526
320838,,,3T,2025,3965386826
320862,,,3T,2025,9290239067
320897,,,3T,2025,8748348384
321044,,,3T,2025,83940096148
321087,,,3T,2025,5074417687
321125,,,3T,2025,1506439563
321273,,,3T,2025,67791557777
321320,,,3T,2025,1687050144
321338,,,3T,2025,71145441
321931,,,3T,2025,4008469935
321958,,,3T,2025,28821772134
322326,,,3T,2025,766003978
322571,,,3T,2025,14637430811
322831,,,3T,2025,7329940046
322890,,,3T,2025,317344400
323004,,,3T,2025,2252774232
323055,,,3T,2025,5263556086
323080,,,3T,2025,139420604965
323268,,,3T,2025,31191802586
323357,,,3T,2025,11439614608
323926,,,3T,2025,8347104569
323942,,,3T,2025,3085289312
323993,,,3T,2025,13373829974
324159,,,3T,2025,7271790818
324175,,,3T,2025,4685107059
324213,,,3T,2025,330342289
324299,,,3T,2025,2182025770
324345,,,3T,2025,12908898383
324361,,,3T,2025,16917610211
324477,,,3T,2025,3363323649
324493,,,3T,2025,16946941046
324523,,,3T,2025,410829
324566,,,3T,2025,10616768459
325031,,,3T,2025,9536942350
325082,,,3T,2025,1595404423
325236,,,3T,2025,7355124294
325465,,,3T,2025,2759668021
325571,,,3T,2025,91187193513
326305,,,3T,2025,1960262810696
326500,,,3T,2025,28074941198
326755,,,3T,2025,18288422917
326861,,,3T,2025,22741962493
327328,,,3T,2025,9365970
327352,,,3T,2025,3057746167
327417,,,3T,2025,16938018508
327468,,,3T,2025,1799645501
327557,,,3T,2025,8974499955
327638,,,3T,2025,1663942909
327689,,,3T,2025,83979602176
328294,,,3T,2025,14498819949
328308,,,3T,2025,2868390333
328375,,,3T,2025,2234769324
328537,,,3T,2025,3284844231
329339,,,3T,2025,31288176486
329355,,,3T,2025,3836947582
329665,,,3T,2025,2928415602
329886,,,3T,2025,8334222254
330108,,,3T,2025,12188949410
330116,,,3T,2025,3840569130
330264,,,3T,2025,13141720111
330281,,,3T,2025,3980632508
330566,,,3T,2025,10848958603
330809,,,3T,2025,7476488853
330892,,,3T,2025,2340135976
331104,,,3T,2025,259181229
331317,,,3T,2025,39860897666
331341,,,3T,2025,19402719766
331651,,,3T,2025,11746663174
331872,,,3T,2025,62911342819
331988,,,3T,2025,43602702296
333051,,,3T,2025,20826972471
333239,,,3T,2025,94987253
333662,,,3T,2025,24098648719
333689,,,3T,2025,116982126690
333808,,,3T,2025,3541936031
333867,,,3T,2025,1500074187
333875,,,3T,2025,4404625267
334154,,,3T,2025,10307503707
334243,,,3T,2025,575605811
334511,,,3T,2025,802470429
334561,,,3T,2025,68747985115
334847,,,3T,2025,1792180258
335100,,,3T,2025,141504989247
335215,,,3T,2025,17088354206
335258,,,3T,2025,1076350303
335479,,,3T,2025,32155921897
335517,,,3T,2025,8973764754
335541,,,3T,2025,6571557344
335592,,,3T,2025,97591216255
335614,,,3T,2025,119656029672
335657,,,3T,2025,1914172100
335690,,,3T,2025,248685395928
335754,,,3T,2025,9341392866
335789,,,3T,2025,2684825322
336017,,,3T,2025,336813153
336106,,,3T,2025,35989842718
336467,,,3T,2025,2414420471
336831,,,3T,2025,11286340957
336858,,,3T,2025,670096977492
337188,,,3T,2025,30431910572
337374,,,3T,2025,23617844180
337498,,,3T,2025,7241413663
337561,,,3T,2025,1772467068
337668,,,3T,2025,54693501896
337871,,,3T,2025,13778918909
338346,,,3T,2025,6632095138
338648,,,3T,2025,15160180803
339458,,,3T,2025,361438370
339679,,,3T,2025,927700873572
339954,,,3T,2025,40719230245
340162,,,3T,2025,257004640
340251,,,3T,2025,7104536602
340782,,,3T,2025,65248895651
340952,,,3T,2025,33656453697
341819,,,3T,2025,147335263
341941,,,3T,2025,1598734121
342033,,,3T,2025,57169402505
342084,,,3T,2025,120154050601
342131,,,3T,2025,4925992684
342157,,,3T,2025,946146546
342203,,,3T,2025,1536096879
342343,,,3T,2025,11135459902
342386,,,3T,2025,9612523691
342556,,,3T,2025,20182662335
342611,,,3T,2025,30993203690
342807,,,3T,2025,12213385795
342955,,,3T,2025,301087058
343056,,,3T,2025,340394989
343064,,,3T,2025,6655765532
343129,,,3T,2025,2321841614
343153,,,3T,2025,777104720
343269,,,3T,2025,84123735935
343331,,,3T,2025,6890595734
343404,,,3T,2025,118445572
343463,,,3T,2025,6236320625
343676,,,3T,2025,3122865326
343684,,,3T,2025,4536310701
343722,,,3T,2025,1904251363
343731,,,3T,2025,89277560774
343765,,,3T,2025,2700576559
343889,,,3T,2025,532096914997
344141,,,3T,2025,1673081891
344184,,,3T,2025,437698026
344362,,,3T,2025,14956654413
344397,,,3T,2025,29072019941
344451,,,3T,2025,1651286653
344729,,,3T,2025,16058868680
344788,,,3T,2025,2198498102
344800,,,3T,2025,23331446935
344885,,,3T,2025,178373257067
344915,,,3T,2025,301008844
345091,,,3T,2025,5353308229
345318,,,3T,2025,1196002381
345458,,,3T,2025,8205221442
345598,,,3T,2025,23043574426
345709,,,3T,2025,10967853289
345741,,,3T,2025,242389517
345776,,,3T,2025,5101023156
346004,,,3T,2025,1245645099
346209,,,3T,2025,10937273370
346276,,,3T,2025,22870713737
346659,,,3T,2025,680797349169
346926,,,3T,2025,111359142116
346951,,,3T,2025,5154333920
347108,,,3T,2025,3685215886
347507,,,3T,2025,22102617289
347604,,,3T,2025,850374924
347655,,,3T,2025,9652968999
347736,,,3T,2025,3651609581
347795,,,3T,2025,453235587
347825,,,3T,2025,984738722
348082,,,3T,2025,20394762072
348180,,,3T,2025,24555593986
348244,,,3T,2025,10768617916
348261,,,3T,2025,3895061413
348295,,,3T,2025,88810557670
348520,,,3T,2025,86781319208
348830,,,3T,2025,16934189983
349682,,,3T,2025,29316939835
349712,,,3T,2025,40422971158
350141,,,3T,2025,20613968891
350249,,,3T,2025,25448317995
350346,,,3T,2025,2002909990
350371,,,3T,2025,18264726615
350494,,,3T,2025,6561985356
350648,,,3T,2025,2237162554
350699,,,3T,2025,8910692740
350770,,,3T,2025,379444657
351202,,,3T,2025,81207763596
351270,,,3T,2025,2603117873
351407,,,3T,2025,15108270185
351776,,,3T,2025,2177621184
352179,,,3T,2025,7825592933
352314,,,3T,2025,7746842618
352331,,,3T,2025,105291806420
352501,,,3T,2025,381199636514
352519,,,3T,2025,2682136135
352543,,,3T,2025,14836899646
352586,,,3T,2025,936096054
352683,,,3T,2025,18673416739
353027,,,3T,2025,6378901606
353060,,,3T,2025,25744365819
353264,,,3T,2025,2156113114
353353,,,3T,2025,42383899795
353663,,,3T,2025,37250046858
353698,,,3T,2025,3133039982
353876,,,3T,2025,3915114868
354031,,,3T,2025,46674200275
354066,,,3T,2025,41553685915
354279,,,3T,2025,6948568627
354295,,,3T,2025,27348334896
354325,,,3T,2025,6266902781
354511,,,3T,2025,9344774000
354562,,,3T,2025,7262426085
354619,,,3T,2025,3461285709
354627,,,3T,2025,1428978216907
354678,,,3T,2025,1238013220
354783,,,3T,2025,32701235772
354996,,,3T,2025,2860843428
355097,,,3T,2025,69292641167
355151,,,3T,2025,32708193987
355577,,,3T,2025,5487193288
355593,,,3T,2025,5757949207
355691,,,3T,2025,78929510637
355721,,,3T,2025,74758667022
356123,,,3T,2025,19543873884
356417,,,3T,2025,47670842656
356476,,,3T,2025,11542933780
356581,,,3T,2025,6732098374
357022,,,3T,2025,7332752115
357138,,,3T,2025,11774524962
357260,,,3T,2025,16332774936
357391,,,3T,2025,184336660255
357511,,,3T,2025,67140717896
357669,,,3T,2025,392905489
357715,,,3T,2025,3737166862
358053,,,3T,2025,10964014234
358088,,,3T,2025,21280384680
358096,,,3T,2025,10227380946
358282,,,3T,2025,3830630423
358339,,,3T,2025,453982492
358436,,,3T,2025,1492882994
358754,,,3T,2025,4699199077
359017,,,3T,2025,864922744075
359033,,,3T,2025,4179187024
359122,,,3T,2025,8430639324
359661,,,3T,2025,185961422707
359777,,,3T,2025,20730022482
360244,,,3T,2025,22105664047
360414,,,3T,2025,5076121065
360449,,,3T,2025,157776989310
360783,,,3T,2025,1042801023
361011,,,3T,2025,45410602130
361461,,,3T,2025,6545681998
361569,,,3T,2025,1061724672
361593,,,3T,2025,1033325981
361615,,,3T,2025,12293310132
361941,,,3T,2025,8491462486
362140,,,3T,2025,5326455148
362573,,,3T,2025,4713163240
362832,,,3T,2025,3401699975
363189,,,3T,2025,861659772
363286,,,3T,2025,3116996185
363391,,,3T,2025,728503861
363855,,,3T,2025,8011094785
364070,,,3T,2025,2324513496
364312,,,3T,2025,36746581835
364584,,,3T,2025,43676919235
364592,,,3T,2025,4099827554
364860,,,3T,2025,19197252335
365238,,,3T,2025,5360207771
365530,,,3T,2025,2706190369
365645,,,3T,2025,377830053
365777,,,3T,2025,7998799652
365785,,,3T,2025,367725185
366064,,,3T,2025,8203537790
366340,,,3T,2025,3569804457
366439,,,3T,2025,1347735691
366561,,,3T,2025,25859368345
367087,,,3T,2025,34306662133
367095,,,3T,2025,29249255312
367397,,,3T,2025,23647516654
367613,,,3T,2025,1106616623
368148,,,3T,2025,9249804564
368253,,,3T,2025,731533846063
368555,,,3T,2025,1989184050
368920,,,3T,2025,7757524117
369292,,,3T,2025,43907048642
369411,,,3T,2025,27104198333
369659,,,3T,2025,56610613453
370070,,,3T,2025,60417878644
370088,,,3T,2025,4734524879
370568,,,3T,2025,628227951
370592,,,3T,2025,1550958823
370681,,,3T,2025,17419762987
370711,,,3T,2025,107209179
370975,,,3T,2025,4013493450
371106,,,3T,2025,22536719137
371254,,,3T,2025,90255714951
371564,,,3T,2025,3512784384
371629,,,3T,2025,19093475892
371777,,,3T,2025,10159857538
372561,,,3T,2025,9890365297
372609,,,3T,2025,19572043946
373109,,,3T,2025,307910173
374440,,,3T,2025,2873291940
378216,,,3T,2025,5200976051
379280,,,3T,2025,16461266573
379956,,,3T,2025,168342500630
380661,,,3T,2025,27439013048
381144,,,3T,2025,422997794
382281,,,3T,2025,383103415
382540,,,3T,2025,8304179101
382639,,,3T,2025,40410491
382655,,,3T,2025,516480544
382876,,,3T,2025,223540052768
384577,,,3T,2025,80566038084
384704,,,3T,2025,238347286
385255,,,3T,2025,11800561732
385620,,,3T,2025,8350758454
385697,,,3T,2025,52881608980
386588,,,3T,2025,29808303535
386596,,,3T,2025,10653821570
386901,,,3T,2025,3024811598
387185,,,3T,2025,2532320834
388092,,,3T,2025,1033283544
389358,,,3T,2025,1765313901
389854,,,3T,2025,1074756253
390259,,,3T,2025,651797423
392804,,,3T,2025,29427000773
393533,,,3T,2025,3758501664
394734,,,3T,2025,5594058648
395480,,,3T,2025,6503077074
397245,,,3T,2025,84632028
401081,,,3T,2025,8610895308
401480,,,3T,2025,1914391748
402001,,,3T,2025,809777292
402206,,,3T,2025,1820081850
402966,,,3T,2025,1746174344
403962,,,3T,2025,4964847148
404241,,,3T,2025,1829013237
406481,,,3T,2025,7519524232
406554,,,3T,2025,10597143065
406635,,,3T,2025,701137890
406805,,,3T,2025,1852684610
406813,,,3T,2025,415750539
406937,,,3T,2025,2077976547
406945,,,3T,2025,4706876001
407011,,,3T,2025,57102706041
407224,,,3T,2025,39507382
407534,,,3T,2025,221614221
407569,,,3T,2025,507817133
408026,,,3T,2025,340164429
408034,,,3T,2025,371187422
408093,,,3T,2025,410528153
408263,,,3T,2025,889449021
408522,,,3T,2025,92406536
408794,,,3T,2025,2691099407
409243,,,3T,2025,14702212643
409286,,,3T,2025,38308819
409405,,,3T,2025,349043419
409413,,,3T,2025,1151608502
409634,,,3T,2025,701874091
409791,,,3T,2025,444587304
410110,,,3T,2025,2087715215
410128,,,3T,2025,3479191273
410292,,,3T,2025,3612198594
410608,,,3T,2025,1420835280
410624,,,3T,2025,803174142
410888,,,3T,2025,2482917157
411248,,,3T,2025,496362748
411256,,,3T,2025,38116457145
411582,,,3T,2025,4367786226
411752,,,3T,2025,17229265941
411809,,,3T,2025,124295755
411868,,,3T,2025,796462792
412015,,,3T,2025,305818045
412058,,,3T,2025,2348184604
412252,,,3T,2025,2100134381
412295,,,3T,2025,5466831956
412635,,,3T,2025,1589430026
412759,,,3T,2025,2818221077
412996,,,3T,2025,669240148
413160,,,3T,2025,3638072023
413267,,,3T,2025,185863663
413283,,,3T,2025,375905048
413330,,,3T,2025,3121243140
413372,,,3T,2025,1839128505
413429,,,3T,2025,1461974438
413518,,,3T,2025,1791738115
413534,,,3T,2025,71324918486
413551,,,3T,2025,58087174
413721,,,3T,2025,2372178134
413747,,,3T,2025,319981228
414026,,,3T,2025,562616250
414212,,,3T,2025,2183239942
414310,,,3T,2025,12371961871
414352,,,3T,2025,10094701948
414387,,,3T,2025,170610916
414492,,,3T,2025,8491530536
414573,,,3T,2025,5930358200
414581,,,3T,2025,12827264729
414654,,,3T,2025,465567676
414662,,,3T,2025,1010310708
414689,,,3T,2025,746870220
414701,,,3T,2025,88884207
414905,,,3T,2025,6661673537
414930,,,3T,2025,7644025705
415014,,,3T,2025,8326229273
415065,,,3T,2025,3995026688
415081,,,3T,2025,241362047
415111,,,3T,2025,20198427987
415243,,,3T,2025,339786541
415626,,,3T,2025,2207641615
415693,,,3T,2025,12461041301
415774,,,3T,2025,13239646010
415901,,,3T,2025,100690745
415910,,,3T,2025,185547994
415936,,,3T,2025,347423119
415944,,,3T,2025,11277711
415987,,,3T,2025,396759348
416398,,,3T,2025,5186985004
416401,,,3T,2025,18782592568
416410,,,3T,2025,5646949
416428,,,3T,2025,385250340676
416495,,,3T,2025,5987356357
416525,,,3T,2025,765343699
416568,,,3T,2025,23972140184
416584,,,3T,2025,4461083708
416690,,,3T,2025,6877374037
416738,,,3T,2025,8252377836
416801,,,3T,2025,7117037670
417106,,,3T,2025,31955512
417131,,,3T,2025,177365259
417211,,,3T,2025,5056789643
417220,,,3T,2025,202498729
417297,,,3T,2025,10806611579
417424,,,3T,2025,0
417475,,,3T,2025,781378886
417491,,,3T,2025,948582119
417505,,,3T,2025,8799785648
417530,,,3T,2025,25710034065
417548,,,3T,2025,3876974844
417599,,,3T,2025,4552318317
417661,,,3T,2025,5499269184
417815,,,3T,2025,5911584121
417831,,,3T,2025,284135868
417840,,,3T,2025,167119784
417947,,,3T,2025,10080889075
417955,,,3T,2025,4835997363
418021,,,3T,2025,28590803616
418072,,,3T,2025,201570411
418129,,,3T,2025,600157671
418137,,,3T,2025,1019802136
418170,,,3T,2025,21503450228
418218,,,3T,2025,70263178
418226,,,3T,2025,618156391
418285,,,3T,2025,12527399584
418374,,,3T,2025,14528500475
418501,,,3T,2025,1162508951
418587,,,3T,2025,5271439568
418617,,,3T,2025,3406468500
418650,,,3T,2025,13214408533
418731,,,3T,2025,5942488105
418749,,,3T,2025,680552159
418803,,,3T,2025,7559938359
418820,,,3T,2025,4653788605
418919,,,3T,2025,4975286025
418960,,,3T,2025,-70000
418994,,,3T,2025,47854331
419010,,,3T,2025,36473774572
419028,,,3T,2025,249623326
419052,,,3T,2025,4173005390
419079,,,3T,2025,0
419133,,,3T,2025,172988172072
419141,,,3T,2025,10951905030
419150,,,3T,2025,4815021896
419249,,,3T,2025,42101428014
419257,,,3T,2025,0
419281,,,3T,2025,149136002
419354,,,3T,2025,16037229
419419,,,3T,2025,3247800938
419427,,,3T,2025,5365809578
419486,,,3T,2025,6214503365
419516,,,3T,2025,1346417992
419524,,,3T,2025,8795750
419567,,,3T,2025,0
419591,,,3T,2025,489949745
419699,,,3T,2025,3680014863
419753,,,3T,2025,497512999
419851,,,3T,2025,1108002180
419958,,,3T,2025,2603419193
419974,,,3T,2025,457099956
420000,,,3T,2025,5307151132
420077,,,3T,2025,23027853137
420085,,,3T,2025,1517839289
420093,,,3T,2025,398594451
420123,,,3T,2025,634722308
420158,,,3T,2025,8775005902
420166,,,3T,2025,13711658725
420271,,,3T,2025,1341559862
420701,,,3T,2025,2633761217
420786,,,3T,2025,2079791984
420816,,,3T,2025,206576318
420841,,,3T,2025,0
420930,,,3T,2025,56349293
420981,,,3T,2025,681831712
421006,,,3T,2025,4490970540
421146,,,3T,2025,0
421154,,,3T,2025,3900079095
421189,,,3T,2025,333127328
421197,,,3T,2025,7545011968
421341,,,3T,2025,7330139727
421359,,,3T,2025,1375600737
421367,,,3T,2025,408884325
421421,,,3T,2025,21052289115
421561,,,3T,2025,58113613
421618,,,3T,2025,410965384
421634,,,3T,2025,340705531
421642,,,3T,2025,26693881
421715,,,3T,2025,461431405406
421723,,,3T,2025,173710760
421731,,,3T,2025,7015554429
421766,,,3T,2025,6289912126
421871,,,3T,2025,996169609
421928,,,3T,2025,31404064509
421944,,,3T,2025,4654474167
422029,,,3T,2025,19715566046
422053,,,3T,2025,12168102632
422070,,,3T,2025,6835155933
422088,,,3T,2025,187123725
422134,,,3T,2025,0
422151,,,3T,2025,902062638
422304,,,3T,2025,494960618
422321,,,3T,2025,6516800438
422339,,,3T,2025,31512731498
422355,,,3T,2025,146035809
422371,,,3T,2025,2858559684
422398,,,3T,2025,7007465145
422401,,,3T,2025,0
422479,,,3T,2025,1535756
422487,,,3T,2025,795252465
422576,,,3T,2025,0
422584,,,3T,2025,2054899623
422631,,,3T,2025,76611528655
422681,,,3T,2025,5980666250
422720,,,3T,2025,29163100139
422746,,,3T,2025,259863195
422754,,,3T,2025,98602802
422762,,,3T,2025,1765119964
422771,,,3T,2025,6492292301
422827,,,3T,2025,2252005970
422835,,,3T,2025,479158688
422941,,,3T,2025,28400
422959,,,3T,2025,396592203
423173,,,3T,2025,18943764114
423181,,,3T,2025,38327289
423203,,,3T,2025,350531548
423262,,,3T,2025,38463114
423319,,,3T,2025,4148285721
423335,,,3T,2025,4132586903
423351,,,3T,2025,1823258271
423408,,,3T,2025,38208371
423432,,,3T,2025,195885187
423441,,,3T,2025,639728858
423548,,,3T,2025,1727765047
423564,,,3T,2025,89366445
423572,,,3T,2025,141605525
423629,,,3T,2025,1664354851
423645,,,3T,2025,37768359
423661,,,3T,2025,7337484150
423718,,,3T,2025,669028814
423815,,,3T,2025,7750922
423858,,,3T,2025,0
423912,,,3T,2025,39274575
424048,,,3T,2025,375317112
424129,,,3T,2025,0
424145,,,3T,2025,0
424161,,,3T,2025,0
424170,,,3T,2025,157868303
424188,,,3T,2025,186131175545
424463,,,3T,2025,3571545
424501,,,3T,2025,0
424528,,,3T,2025,0
424544,,,3T,2025,0
000515,,,2T,2025,1400535369
000582,,,2T,2025,308325517052
000701,,,2T,2025,294776118217
000884,,,2T,2025,16643893462
005711,,,2T,2025,2381680293168
006246,,,2T,2025,972823506961
300136,,,2T,2025,7421108372
300713,,,2T,2025,9637800959
300730,,,2T,2025,180729318
301060,,,2T,2025,4492909971
301124,,,2T,2025,2773667833
301574,,,2T,2025,15349078693
301728,,,2T,2025,3834765730
301744,,,2T,2025,6457961054
301949,,,2T,2025,43269167684
302147,,,2T,2025,221852967158
302228,,,2T,2025,1456114539
302627,,,2T,2025,2267648544
302953,,,2T,2025,33526170916
303178,,,2T,2025,3798173835
303267,,,2T,2025,19937044920
303356,,,2T,2025,38826068587
303623,,,2T,2025,38276610732
303739,,,2T,2025,10219103977
303844,,,2T,2025,3435325876
303976,,,2T,2025,87140996013
304051,,,2T,2025,7783377989
304123,,,2T,2025,3041104210
304131,,,2T,2025,5968614588
304212,,,2T,2025,650441144
304344,,,2T,2025,4996514328
304395,,,2T,2025,6012564827
304441,,,2T,2025,513429641
304468,,,2T,2025,6197055650
304484,,,2T,2025,1711826890
304531,,,2T,2025,265189802
304701,,,2T,2025,233742192011
304883,,,2T,2025,13359383648
305227,,,2T,2025,6344163509
305421,,,2T,2025,169461587
305472,,,2T,2025,6667601487
305626,,,2T,2025,1460076276
305928,,,2T,2025,421631828
306045,,,2T,2025,425405750
306100,,,2T,2025,9325873354
306126,,,2T,2025,10757200441
306398,,,2T,2025,38213713199
306754,,,2T,2025,396097938
306762,,,2T,2025,13632474437
306886,,,2T,2025,41204282769
307319,,,2T,2025,15282664861
307751,,,2T,2025,6503842937
308811,,,2T,2025,2070830357
309028,,,2T,2025,583756292
309087,,,2T,2025,6136093320
309222,,,2T,2025,115819509046
309524,,,2T,2025,1189515122
309907,,,2T,2025,11248626300
310239,,,2T,2025,1202004283
310247,,,2T,2025,13564087777
310522,,,2T,2025,10496849160
310981,,,2T,2025,726856617
311057,,,2T,2025,1607431056
311146,,,2T,2025,3459200753
311294,,,2T,2025,8898022019
311359,,,2T,2025,5564086855
311375,,,2T,2025,11047898131
311391,,,2T,2025,724724794
311618,,,2T,2025,7625828129
311715,,,2T,2025,9063359061
311847,,,2T,2025,15339215370
311944,,,2T,2025,1760657087
311961,,,2T,2025,5929762461
312126,,,2T,2025,126466211952
312282,,,2T,2025,2281294463
312347,,,2T,2025,12176397488
312363,,,2T,2025,296400924963
312592,,,2T,2025,7006252818
312720,,,2T,2025,51775122714
312851,,,2T,2025,56017243422
313084,,,2T,2025,4435606578
313149,,,2T,2025,473473173
313211,,,2T,2025,8097236626
313475,,,2T,2025,674547191
313751,,,2T,2025,1974941763
314099,,,2T,2025,14217177195
314218,,,2T,2025,34367168806
314242,,,2T,2025,2619199297
314251,,,2T,2025,3725628459
314315,,,2T,2025,507122243
314366,,,2T,2025,176085583
314587,,,2T,2025,1816523530
314668,,,2T,2025,10456953722
314706,,,2T,2025,593359444
314781,,,2T,2025,1886836994
315044,,,2T,2025,10351511520
315265,,,2T,2025,4376504749
315478,,,2T,2025,89374617269
315494,,,2T,2025,2492069225
315567,,,2T,2025,9791897100
315583,,,2T,2025,2350102679
315648,,,2T,2025,2549268080
315729,,,2T,2025,42950710847
315796,,,2T,2025,27418552637
316148,,,2T,2025,8022558437
316458,,,2T,2025,1395228615
316849,,,2T,2025,352565857
316873,,,2T,2025,7400305853
316881,,,2T,2025,9007007177
316903,,,2T,2025,25632688
316997,,,2T,2025,336916522
317012,,,2T,2025,3534956388
317144,,,2T,2025,161183574350
317233,,,2T,2025,16963433134
317632,,,2T,2025,18637168831
317896,,,2T,2025,2234361820
318035,,,2T,2025,3119595587
318213,,,2T,2025,4984723363
318299,,,2T,2025,14361068585
318388,,,2T,2025,7000715411
318477,,,2T,2025,4932429203
318566,,,2T,2025,6995845003
319121,,,2T,2025,40017500113
319180,,,2T,2025,3387593148
319384,,,2T,2025,14708699831
319422,,,2T,2025,4390727777
319708,,,2T,2025,20268760884
319872,,,2T,2025,229898616
319996,,,2T,2025,104828980379
320251,,,2T,2025,12717782112
320510,,,2T,2025,1535704434
320706,,,2T,2025,17791711295
320820,,,2T,2025,2984318750
320838,,,2T,2025,2561289430
320862,,,2T,2025,6987021575
320897,,,2T,2025,4998100304
321044,,,2T,2025,50055949596
321087,,,2T,2025,2434781077
321125,,,2T,2025,980295436
321273,,,2T,2025,44150407117
321320,,,2T,2025,1037635527
321338,,,2T,2025,53445441
321931,,,2T,2025,1507291552
321958,,,2T,2025,18690159471
322326,,,2T,2025,549086993
322571,,,2T,2025,8806933672
322831,,,2T,2025,4656601775
322890,,,2T,2025,261189541
323004,,,2T,2025,1403082549
323055,,,2T,2025,3247480407
323080,,,2T,2025,276220060905
323268,,,2T,2025,22853861805
323357,,,2T,2025,7094736936
323926,,,2T,2025,5609112585
323942,,,2T,2025,1999748280
323993,,,2T,2025,9043499399
324159,,,2T,2025,4692172580
324175,,,2T,2025,2461341737
324213,,,2T,2025,124141520
324299,,,2T,2025,1751507604
324345,,,2T,2025,8437668034
324361,,,2T,2025,14610964674
324477,,,2T,2025,17993985450
324493,,,2T,2025,11099336573
324523,,,2T,2025,236826
324566,,,2T,2025,7703534742
325031,,,2T,2025,5899251262
325082,,,2T,2025,940967951
325236,,,2T,2025,4607139751
325465,,,2T,2025,1751086102
325571,,,2T,2025,54788795583
326305,,,2T,2025,1273312128611
326500,,,2T,2025,18817726704
326755,,,2T,2025,11179710919
326861,,,2T,2025,11848340941
327328,,,2T,2025,5822300
327352,,,2T,2025,1618701263
327417,,,2T,2025,10000956180
327468,,,2T,2025,1037032092
327557,,,2T,2025,5975650839
327638,,,2T,2025,806180495
327689,,,2T,2025,56020894592
328294,,,2T,2025,7006498522
328308,,,2T,2025,1772170078
328375,,,2T,2025,1461012871
328537,,,2T,2025,7130926819
329339,,,2T,2025,22307740535
329355,,,2T,2025,372258226
329665,,,2T,2025,1481167602
329886,,,2T,2025,5496221731
330108,,,2T,2025,7942286985
330116,,,2T,2025,2496040400
330264,,,2T,2025,6328535897
330281,,,2T,2025,2596627739
330566,,,2T,2025,7246029461
330809,,,2T,2025,5038524577
330892,,,2T,2025,1519778649
331104,,,2T,2025,171613677
331317,,,2T,2025,25451959824
331341,,,2T,2025,12644800150
331651,,,2T,2025,7662489170
331872,,,2T,2025,37924482216
331988,,,2T,2025,28391471401
333051,,,2T,2025,15581730342
333239,,,2T,2025,62826289
333662,,,2T,2025,13045744190
333689,,,2T,2025,76478728865
333808,,,2T,2025,2918339900
333867,,,2T,2025,1009871041
333875,,,2T,2025,2599561403
334154,,,2T,2025,6448644201
334243,,,2T,2025,389292152
334511,,,2T,2025,69260224
334561,,,2T,2025,41999024125
334847,,,2T,2025,1104351269
335100,,,2T,2025,84714350661
335215,,,2T,2025,9915009330
335258,,,2T,2025,1126874361
335479,,,2T,2025,24916102848
335517,,,2T,2025,5106699049
335541,,,2T,2025,3696301570
335592,,,2T,2025,58362176527
335614,,,2T,2025,73344220578
335657,,,2T,2025,1443602499
335690,,,2T,2025,190450552319
335754,,,2T,2025,5828450531
335789,,,2T,2025,1738711669
336017,,,2T,2025,198415675
336106,,,2T,2025,24113968994
336467,,,2T,2025,1392751252
336831,,,2T,2025,5755234457
336858,,,2T,2025,663683286900
337188,,,2T,2025,19522557573
337374,,,2T,2025,14138234344
337498,,,2T,2025,4684459921
337561,,,2T,2025,1164020635
337668,,,2T,2025,33963727669
337871,,,2T,2025,8340684699
338346,,,2T,2025,1533677282
338648,,,2T,2025,10148052572
339458,,,2T,2025,239604451
339679,,,2T,2025,583722334241
339954,,,2T,2025,39589326972
340162,,,2T,2025,273394752
340251,,,2T,2025,5494607523
340782,,,2T,2025,34639399518
340952,,,2T,2025,17777244290
341819,,,2T,2025,135309535
341941,,,2T,2025,1023321768
342033,,,2T,2025,40952886024
342084,,,2T,2025,79351630356
342131,,,2T,2025,2031411489
342157,,,2T,2025,598189393
342203,,,2T,2025,983274534
342343,,,2T,2025,6817292133
342386,,,2T,2025,5852750891
342556,,,2T,2025,12585640296
342611,,,2T,2025,20317736161
342807,,,2T,2025,7369529478
342955,,,2T,2025,134239961
343056,,,2T,2025,235614454
343064,,,2T,2025,4428992054
343129,,,2T,2025,1468736995
343153,,,2T,2025,683191043
343269,,,2T,2025,69574074587
343331,,,2T,2025,4471782498
343404,,,2T,2025,33700041
343463,,,2T,2025,3937921377
343676,,,2T,2025,3014127256
343684,,,2T,2025,3391851654
343722,,,2T,2025,1020353406
343731,,,2T,2025,54152385470
343765,,,2T,2025,1740305136
343889,,,2T,2025,353113913418
344141,,,2T,2025,1067014791
344184,,,2T,2025,304702038
344362,,,2T,2025,5209999415
344397,,,2T,2025,18428931274
344451,,,2T,2025,1043039462
344729,,,2T,2025,11664323550
344788,,,2T,2025,1334497297
344800,,,2T,2025,15417737675
344885,,,2T,2025,107773775156
344915,,,2T,2025,204744721
345091,,,2T,2025,3629747890
345318,,,2T,2025,966637635
345458,,,2T,2025,5429642862
345598,,,2T,2025,15914709960
345709,,,2T,2025,8851560503
345741,,,2T,2025,229549622
345776,,,2T,2025,3446275587
346004,,,2T,2025,958856498
346209,,,2T,2025,7933365675
346276,,,2T,2025,14457641146
346659,,,2T,2025,436922189045
346926,,,2T,2025,74588042983
346951,,,2T,2025,3584691156
347108,,,2T,2025,2666872309
347507,,,2T,2025,12485707765
347604,,,2T,2025,511741179
347655,,,2T,2025,5963406868
347736,,,2T,2025,2376517786
347795,,,2T,2025,338008272
347825,,,2T,2025,648467695
348082,,,2T,2025,9904810405
348180,,,2T,2025,20436934282
348244,,,2T,2025,8077872808
348261,,,2T,2025,3130480114
348295,,,2T,2025,56999076177
348520,,,2T,2025,62335902041
348830,,,2T,2025,10209488694
349534,,,2T,2025,8334413308
349682,,,2T,2025,18613073522
349712,,,2T,2025,20984699317
350141,,,2T,2025,13840665592
350249,,,2T,2025,16256868101
350346,,,2T,2025,1416929762
350371,,,2T,2025,13704165969
350494,,,2T,2025,4125667792
350648,,,2T,2025,1710803395
350699,,,2T,2025,6080895635
350770,,,2T,2025,245948219
351202,,,2T,2025,60161122002
351270,,,2T,2025,1663225076
351407,,,2T,2025,9891440587
351776,,,2T,2025,1480562930
351792,,,2T,2025,353717284
352179,,,2T,2025,4938964284
352314,,,2T,2025,5485319050
352331,,,2T,2025,67075331982
352501,,,2T,2025,256647069088
352519,,,2T,2025,1881043772
352543,,,2T,2025,9024724424
352586,,,2T,2025,3370878978
352683,,,2T,2025,15823345426
353027,,,2T,2025,4064704200
353060,,,2T,2025,17565484754
353264,,,2T,2025,1407383950
353353,,,2T,2025,27198471516
353663,,,2T,2025,28607045039
353698,,,2T,2025,1952493255
353876,,,2T,2025,1951243763
354031,,,2T,2025,27480915685
354066,,,2T,2025,26517132095
354279,,,2T,2025,5694345830
354295,,,2T,2025,22513800478
354325,,,2T,2025,4780934437
354511,,,2T,2025,8380422135
354562,,,2T,2025,10309426224
354619,,,2T,2025,2207897133
354627,,,2T,2025,1427716082394
354678,,,2T,2025,898774452
354783,,,2T,2025,20364357285
354996,,,2T,2025,2047763033
355097,,,2T,2025,47151325252
355151,,,2T,2025,20784197332
355577,,,2T,2025,4285852987
355593,,,2T,2025,2856363503
355691,,,2T,2025,51311841038
355721,,,2T,2025,46401151982
356123,,,2T,2025,12847310289
356417,,,2T,2025,26156112410
356476,,,2T,2025,7347506589
356581,,,2T,2025,3069311097
357022,,,2T,2025,5698101947
357138,,,2T,2025,9473687367
357260,,,2T,2025,10685546873
357391,,,2T,2025,113960193266
357511,,,2T,2025,45995555710
357669,,,2T,2025,1148846754
357715,,,2T,2025,2666639855
358053,,,2T,2025,5048617996
358088,,,2T,2025,11865862092
358096,,,2T,2025,6758910106
358282,,,2T,2025,2604966857
358339,,,2T,2025,302167060
358436,,,2T,2025,958082243
358754,,,2T,2025,1694044860
359017,,,2T,2025,552851815736
359033,,,2T,2025,2569483633
359122,,,2T,2025,5453667386
359289,,,2T,2025,12209755951
359661,,,2T,2025,116834991654
359777,,,2T,2025,11381543705
360244,,,2T,2025,14461014865
360414,,,2T,2025,3322627668
360449,,,2T,2025,96029137324
360783,,,2T,2025,634451442
361011,,,2T,2025,29466554949
361461,,,2T,2025,4509772818
361569,,,2T,2025,709597718
361593,,,2T,2025,601334715
361615,,,2T,2025,7961350705
361941,,,2T,2025,5612808180
362140,,,2T,2025,3626766547
362573,,,2T,2025,2549497760
362832,,,2T,2025,2113038040
363189,,,2T,2025,565175868
363286,,,2T,2025,2959605783
363391,,,2T,2025,508899270
363855,,,2T,2025,5118506854
364070,,,2T,2025,1461141720
364312,,,2T,2025,20174723983
364584,,,2T,2025,27777250286
364592,,,2T,2025,2895467779
364860,,,2T,2025,16198707550
365238,,,2T,2025,3786665080
365530,,,2T,2025,2071572482
365645,,,2T,2025,330617769
365777,,,2T,2025,6142995180
365785,,,2T,2025,212608979
366064,,,2T,2025,5207739505
366340,,,2T,2025,2816087294
366439,,,2T,2025,880779252
366561,,,2T,2025,17277858815
367087,,,2T,2025,21668250795
367095,,,2T,2025,19267337918
367397,,,2T,2025,16183876733
367613,,,2T,2025,816171452
368148,,,2T,2025,5775653932
368253,,,2T,2025,382173133759
368555,,,2T,2025,1164650073
368920,,,2T,2025,1134992476
369292,,,2T,2025,28401583559
369411,,,2T,2025,16641142459
369659,,,2T,2025,43049235129
370070,,,2T,2025,33562867836
370088,,,2T,2025,3065352186
370568,,,2T,2025,385312413
370592,,,2T,2025,1016891251
370681,,,2T,2025,10330758956
370711,,,2T,2025,271377645
370975,,,2T,2025,3036279055
371106,,,2T,2025,12154656344
371254,,,2T,2025,57060661223
371564,,,2T,2025,2408227632
371629,,,2T,2025,11769609623
371777,,,2T,2025,9009014179
372561,,,2T,2025,6547956365
372609,,,2T,2025,10259552401
373109,,,2T,2025,192874330
374440,,,2T,2025,1922643275
378216,,,2T,2025,3393439601
379280,,,2T,2025,10754118894
379956,,,2T,2025,105264209191
380661,,,2T,2025,2934063729
381144,,,2T,2025,268154216
382281,,,2T,2025,214853493
382540,,,2T,2025,5251988979
382639,,,2T,2025,148882172
382655,,,2T,2025,319954193
382876,,,2T,2025,114091292288
384577,,,2T,2025,56790434228
384704,,,2T,2025,1471915743
385255,,,2T,2025,7961868245
385620,,,2T,2025,5040536511
385697,,,2T,2025,33289840741
386588,,,2T,2025,12236680396
386596,,,2T,2025,2498829818
386901,,,2T,2025,1731484702
387185,,,2T,2025,1605169522
388092,,,2T,2025,627184220
389358,,,2T,2025,607430153
389854,,,2T,2025,692789492
390259,,,2T,2025,430990127
392804,,,2T,2025,23513331914
393321,,,2T,2025,6548301686
393533,,,2T,2025,2172931453
394734,,,2T,2025,1957272018
395480,,,2T,2025,4413993549
397245,,,2T,2025,55018644
401081,,,2T,2025,5990587738
401480,,,2T,2025,1222417840
402001,,,2T,2025,531238740
402206,,,2T,2025,1339673483
402966,,,2T,2025,1371776384
403962,,,2T,2025,3277555886
404241,,,2T,2025,1249294399
406481,,,2T,2025,4875696163
406554,,,2T,2025,6395998700
406635,,,2T,2025,443298168
406805,,,2T,2025,1120944667
406813,,,2T,2025,274865637
406937,,,2T,2025,1346212568
406945,,,2T,2025,3109869194
407011,,,2T,2025,44353292001
407224,,,2T,2025,253103511
407534,,,2T,2025,132583482
407569,,,2T,2025,342166604
408026,,,2T,2025,325719131
408034,,,2T,2025,256085846
408093,,,2T,2025,20004910
408263,,,2T,2025,586457236
408522,,,2T,2025,49497336
408794,,,2T,2025,1720757381
409243,,,2T,2025,9148544383
409286,,,2T,2025,4649850
409405,,,2T,2025,236178237
409413,,,2T,2025,86268936
409634,,,2T,2025,472520506
409791,,,2T,2025,292329916
410110,,,2T,2025,1418348155
410128,,,2T,2025,2248323549
410292,,,2T,2025,3765203529
410608,,,2T,2025,916869688
410624,,,2T,2025,533410794
410888,,,2T,2025,1545292880
411248,,,2T,2025,325230738
411256,,,2T,2025,25048658621
411582,,,2T,2025,2837431094
411752,,,2T,2025,12241137826
411809,,,2T,2025,677869934
411868,,,2T,2025,444408215
412015,,,2T,2025,25063766
412058,,,2T,2025,1560239306
412252,,,2T,2025,1401723889
412295,,,2T,2025,3749740280
412635,,,2T,2025,1257877361
412759,,,2T,2025,1612724708
412996,,,2T,2025,443656155
413160,,,2T,2025,2437052488
413267,,,2T,2025,119954723
413283,,,2T,2025,222653773
413330,,,2T,2025,2059041645
413372,,,2T,2025,1097577217
413429,,,2T,2025,974047804
413518,,,2T,2025,197651827
413534,,,2T,2025,46857968582
413551,,,2T,2025,38724783
413721,,,2T,2025,1517147988
413747,,,2T,2025,214542315
414026,,,2T,2025,69215111
414212,,,2T,2025,1452302569
414310,,,2T,2025,8312980776
414352,,,2T,2025,6606982356
414387,,,2T,2025,289289191
414492,,,2T,2025,10458350357
414573,,,2T,2025,3880692122
414581,,,2T,2025,8316954919
414654,,,2T,2025,210598369
414662,,,2T,2025,649862464
414689,,,2T,2025,487549033
414701,,,2T,2025,437510297
414905,,,2T,2025,3971726948
414930,,,2T,2025,4988179199
415014,,,2T,2025,6107927714
415065,,,2T,2025,2482847111
415081,,,2T,2025,13582466
415111,,,2T,2025,13410245341
415243,,,2T,2025,233002947
415626,,,2T,2025,1285757517
415693,,,2T,2025,8205244874
415774,,,2T,2025,8014860453
415901,,,2T,2025,69159231
415910,,,2T,2025,11816559
415936,,,2T,2025,2145771642
415944,,,2T,2025,6560608
415987,,,2T,2025,252094332
416398,,,2T,2025,3336095461
416401,,,2T,2025,6806676569
416428,,,2T,2025,247277902142
416495,,,2T,2025,3952422828
416525,,,2T,2025,445569703
416568,,,2T,2025,14507176692
416584,,,2T,2025,1133259889
416690,,,2T,2025,4310962527
416738,,,2T,2025,4982267676
416801,,,2T,2025,4457078243
417106,,,2T,2025,20414334
417131,,,2T,2025,117605798
417211,,,2T,2025,3562496004
417220,,,2T,2025,127268285
417297,,,2T,2025,7019943720
417424,,,2T,2025,0
417475,,,2T,2025,522506746
417491,,,2T,2025,325165205
417505,,,2T,2025,32798363664
417530,,,2T,2025,16680886245
417548,,,2T,2025,9279248042
417599,,,2T,2025,5064403765
417661,,,2T,2025,3486012274
417815,,,2T,2025,3834324431
417831,,,2T,2025,87832932
417947,,,2T,2025,6849791776
417955,,,2T,2025,3402997316
418021,,,2T,2025,18713581511
418072,,,2T,2025,107312378
418129,,,2T,2025,337168918
418137,,,2T,2025,1393466941
418170,,,2T,2025,18080076052
418218,,,2T,2025,294516261
418226,,,2T,2025,527289586
418285,,,2T,2025,8006971608
418374,,,2T,2025,9976318512
418501,,,2T,2025,717692358
418587,,,2T,2025,3436093523
418617,,,2T,2025,1825453094
418650,,,2T,2025,2819110846
418731,,,2T,2025,3421679241
418749,,,2T,2025,450273767
418803,,,2T,2025,2471677924
418820,,,2T,2025,1376525205
418919,,,2T,2025,3260945130
418960,,,2T,2025,-70000
418994,,,2T,2025,30666048
419010,,,2T,2025,2573521805
419028,,,2T,2025,157905154
419052,,,2T,2025,2906474796
419079,,,2T,2025,0
419133,,,2T,2025,111349311206
419141,,,2T,2025,7126735576
419150,,,2T,2025,3063791385
419249,,,2T,2025,26965237275
419257,,,2T,2025,0
419281,,,2T,2025,105667593
419354,,,2T,2025,16037229
419419,,,2T,2025,2098100168
419427,,,2T,2025,3055709693
419486,,,2T,2025,4005998637
419524,,,2T,2025,6041231
419567,,,2T,2025,0
419591,,,2T,2025,291533325
419699,,,2T,2025,2413837768
419753,,,2T,2025,283606648
419851,,,2T,2025,712479280
419958,,,2T,2025,1696013829
419974,,,2T,2025,478304429
420000,,,2T,2025,2566590230
420051,,,2T,2025,28646105
420077,,,2T,2025,14754580030
420085,,,2T,2025,937041263
420093,,,2T,2025,26096348
420123,,,2T,2025,283072577
420158,,,2T,2025,5903322786
420166,,,2T,2025,9137230977
420271,,,2T,2025,860571904
420701,,,2T,2025,1876696267
420786,,,2T,2025,350592289
420816,,,2T,2025,136429387
420841,,,2T,2025,0
420930,,,2T,2025,56349293
420981,,,2T,2025,46888875
421006,,,2T,2025,2990686976
421146,,,2T,2025,0
421154,,,2T,2025,2326202086
421189,,,2T,2025,162611141
421197,,,2T,2025,4875288734
421341,,,2T,2025,5237345014
421359,,,2T,2025,765398640
421367,,,2T,2025,240012968
421421,,,2T,2025,13498099636
421561,,,2T,2025,8769419
421618,,,2T,2025,289676279
421634,,,2T,2025,21108559
421642,,,2T,2025,2705981
421707,,,2T,2025,559008578
421715,,,2T,2025,291183651465
421723,,,2T,2025,109989335
421731,,,2T,2025,3319481819
421766,,,2T,2025,1475405408
421871,,,2T,2025,641662966
421928,,,2T,2025,18266443991
421944,,,2T,2025,2975803338
422029,,,2T,2025,12243150881
422053,,,2T,2025,7714728359
422070,,,2T,2025,4644010789
422088,,,2T,2025,197661886
422134,,,2T,2025,0
422151,,,2T,2025,824279537
422304,,,2T,2025,300144805
422321,,,2T,2025,3876140161
422339,,,2T,2025,18984039818
422355,,,2T,2025,85412554
422371,,,2T,2025,1717774345
422380,,,2T,2025,470116529
422398,,,2T,2025,4774266568
422401,,,2T,2025,0
422479,,,2T,2025,10224304
422487,,,2T,2025,488811676
422576,,,2T,2025,0
422584,,,2T,2025,1187086778
422631,,,2T,2025,261033092076
422681,,,2T,2025,4237701934
422720,,,2T,2025,18265090393
422746,,,2T,2025,151663421
422754,,,2T,2025,57211286
422762,,,2T,2025,743196916
422771,,,2T,2025,3004527802
422827,,,2T,2025,1404761296
422835,,,2T,2025,1045950288
422941,,,2T,2025,28400
422959,,,2T,2025,294167820
423017,,,2T,2025,0
423173,,,2T,2025,14809873496
423181,,,2T,2025,30043916
423203,,,2T,2025,213375223
423262,,,2T,2025,26580297
423319,,,2T,2025,2581139386
423335,,,2T,2025,2273373580
423351,,,2T,2025,122346622
423432,,,2T,2025,173351585
423441,,,2T,2025,328849151
423548,,,2T,2025,921330854
423564,,,2T,2025,45776332
423572,,,2T,2025,30745433
423629,,,2T,2025,647131310
423645,,,2T,2025,5706630
423661,,,2T,2025,404559403
423718,,,2T,2025,929872309
423815,,,2T,2025,3755154
423858,,,2T,2025,0
423912,,,2T,2025,17753947
424048,,,2T,2025,166341148
424129,,,2T,2025,0
424145,,,2T,2025,0
424161,,,2T,2025,0
424170,,,2T,2025,63581064
424188,,,2T,2025,121458555305
424544,,,2T,2025,0
000477,,,1T,2025,12523883633
000515,,,1T,2025,681653952
000582,,,1T,2025,67001766004
000701,,,1T,2025,130236975243
000884,,,1T,2025,8249667961
005711,,,1T,2025,1158233230510
006246,,,1T,2025,486363164005
300136,,,1T,2025,2977261215
300713,,,1T,2025,4743947900
300730,,,1T,2025,45899724
301060,,,1T,2025,1438254083
301124,,,1T,2025,1236503335
301574,,,1T,2025,7462056150
301728,,,1T,2025,1831008735
301744,,,1T,2025,3296132115
301949,,,1T,2025,20810357518
302147,,,1T,2025,102981181185
302228,,,1T,2025,678270082
302627,,,1T,2025,724970240
302953,,,1T,2025,14037807362
303178,,,1T,2025,1650354007
303267,,,1T,2025,10661038348
303356,,,1T,2025,21584538937
303623,,,1T,2025,19304728002
303739,,,1T,2025,5173674849
303844,,,1T,2025,1693348871
303976,,,1T,2025,43216264199
304051,,,1T,2025,3372324265
304123,,,1T,2025,1655396334
304131,,,1T,2025,2932525632
304212,,,1T,2025,233568507
304344,,,1T,2025,2539214780
304395,,,1T,2025,2725502937
304441,,,1T,2025,122211882
304468,,,1T,2025,3759585324
304484,,,1T,2025,1442579610
304531,,,1T,2025,249980311
304701,,,1T,2025,113016839310
304883,,,1T,2025,4936674562
305227,,,1T,2025,2920079780
305421,,,1T,2025,83364428
305472,,,1T,2025,3079041347
305626,,,1T,2025,705036329
305928,,,1T,2025,195609257
306045,,,1T,2025,239101634
306100,,,1T,2025,2952399478
306126,,,1T,2025,4821329160
306398,,,1T,2025,17580944494
306754,,,1T,2025,1153712385
306762,,,1T,2025,6495685772
306886,,,1T,2025,17200910561
307319,,,1T,2025,7072916800
307751,,,1T,2025,2911704812
308811,,,1T,2025,1079633219
309028,,,1T,2025,281747033
309087,,,1T,2025,2757161989
309222,,,1T,2025,56289991631
309524,,,1T,2025,659602499
309907,,,1T,2025,5687820515
310239,,,1T,2025,592491045
310247,,,1T,2025,6957299542
310522,,,1T,2025,1101122451
310981,,,1T,2025,344702687
311057,,,1T,2025,797961559
311146,,,1T,2025,1898291734
311294,,,1T,2025,3981415973
311359,,,1T,2025,2683290773
311375,,,1T,2025,5604722593
311391,,,1T,2025,355660799
311618,,,1T,2025,3672647419
311715,,,1T,2025,4374891638
311847,,,1T,2025,10853957115
311944,,,1T,2025,886442774
311961,,,1T,2025,1701697996
312126,,,1T,2025,31700414021
312282,,,1T,2025,1081728201
312347,,,1T,2025,5025117326
312363,,,1T,2025,147159871792
312592,,,1T,2025,2894903491
312720,,,1T,2025,24165019159
312851,,,1T,2025,28625858987
313084,,,1T,2025,1918271020
313149,,,1T,2025,208647631
313211,,,1T,2025,3272113810
313475,,,1T,2025,339923273
313751,,,1T,2025,766952938
314099,,,1T,2025,5552409586
314218,,,1T,2025,16978695140
314242,,,1T,2025,1130640661
314251,,,1T,2025,1829305797
314315,,,1T,2025,309499222
314366,,,1T,2025,85064713
314587,,,1T,2025,990499497
314668,,,1T,2025,5234788482
314706,,,1T,2025,220638919
314781,,,1T,2025,891541441
315044,,,1T,2025,5793868617
315265,,,1T,2025,2095355230
315478,,,1T,2025,41889868231
315494,,,1T,2025,1254859628
315567,,,1T,2025,4744119979
315583,,,1T,2025,1145822848
315648,,,1T,2025,1057561009
315729,,,1T,2025,18047851900
315796,,,1T,2025,12044115688
316148,,,1T,2025,5004915532
316458,,,1T,2025,665476902
316849,,,1T,2025,168072058
316873,,,1T,2025,3423920431
316881,,,1T,2025,4332841999
316903,,,1T,2025,12158528
316997,,,1T,2025,204030085
317012,,,1T,2025,2087046180
317144,,,1T,2025,73072265360
317233,,,1T,2025,7291454742
317632,,,1T,2025,8907337396
317896,,,1T,2025,926296447
318035,,,1T,2025,1791121102
318213,,,1T,2025,2674083990
318299,,,1T,2025,6458378166
318388,,,1T,2025,3517161732
318477,,,1T,2025,2787310938
318566,,,1T,2025,3783507321
319121,,,1T,2025,16610654721
319180,,,1T,2025,1675300241
319384,,,1T,2025,6720705523
319422,,,1T,2025,1383593094
319708,,,1T,2025,10127804568
319872,,,1T,2025,114306851
319996,,,1T,2025,50536486603
320251,,,1T,2025,6659049423
320706,,,1T,2025,12133094697
320820,,,1T,2025,1327488127
320838,,,1T,2025,1251606823
320862,,,1T,2025,3017932945
320897,,,1T,2025,1963196374
321044,,,1T,2025,22195000470
321087,,,1T,2025,1208888680
321125,,,1T,2025,55938292
321273,,,1T,2025,20382009670
321320,,,1T,2025,751177186
321338,,,1T,2025,43510441
321931,,,1T,2025,1050377289
321958,,,1T,2025,8741703209
322326,,,1T,2025,210978691
322571,,,1T,2025,4182335387
322831,,,1T,2025,1146187099
322890,,,1T,2025,124294750
323004,,,1T,2025,518263696
323055,,,1T,2025,1691473157
323080,,,1T,2025,137301333221
323268,,,1T,2025,10876400670
323357,,,1T,2025,3571714249
323926,,,1T,2025,2464836149
323942,,,1T,2025,1029767227
323993,,,1T,2025,4395463350
324159,,,1T,2025,2254753583
324175,,,1T,2025,1362125799
324213,,,1T,2025,112279807
324299,,,1T,2025,908188548
324345,,,1T,2025,4248477909
324361,,,1T,2025,7091292820
324477,,,1T,2025,9286673389
324493,,,1T,2025,2666946873
324523,,,1T,2025,1904
324566,,,1T,2025,3405546713
325031,,,1T,2025,2586871617
325082,,,1T,2025,545765775
325236,,,1T,2025,2239144344
325465,,,1T,2025,794029332
325571,,,1T,2025,26730303356
326305,,,1T,2025,590261996863
326500,,,1T,2025,7286166664
326755,,,1T,2025,4275454786
326861,,,1T,2025,7656754017
327328,,,1T,2025,2897400
327352,,,1T,2025,766855049
327417,,,1T,2025,6135905891
327468,,,1T,2025,511513359
327557,,,1T,2025,2983161224
327638,,,1T,2025,436852780
327689,,,1T,2025,27531338029
328294,,,1T,2025,4586957599
328308,,,1T,2025,1045560042
328375,,,1T,2025,663639498
328537,,,1T,2025,1589215128
329339,,,1T,2025,9245875402
329355,,,1T,2025,1126451444
329886,,,1T,2025,2225902506
330108,,,1T,2025,2983180025
330116,,,1T,2025,1207951359
330264,,,1T,2025,3952427535
330281,,,1T,2025,1279482055
330566,,,1T,2025,2788012489
330809,,,1T,2025,2923414276
330892,,,1T,2025,689277698
331104,,,1T,2025,87708813
331317,,,1T,2025,11882716543
331341,,,1T,2025,5776030858
331651,,,1T,2025,3305171331
331872,,,1T,2025,18287454757
331988,,,1T,2025,13066652375
333051,,,1T,2025,5164883489
333239,,,1T,2025,29472865
333662,,,1T,2025,6451190126
333689,,,1T,2025,34166552888
333808,,,1T,2025,1382117165
333867,,,1T,2025,496661565
333875,,,1T,2025,1189285936
334154,,,1T,2025,3096629742
334243,,,1T,2025,177840331
334511,,,1T,2025,35583281
334561,,,1T,2025,21867610460
334847,,,1T,2025,490370576
335100,,,1T,2025,30788528382
335215,,,1T,2025,4520741736
335258,,,1T,2025,341589142
335479,,,1T,2025,10840156324
335517,,,1T,2025,2749572081
335541,,,1T,2025,2050856129
335592,,,1T,2025,26966579712
335614,,,1T,2025,34502624053
335657,,,1T,2025,661183281
335690,,,1T,2025,89962313783
335754,,,1T,2025,2864383914
335789,,,1T,2025,891286149
336017,,,1T,2025,94632470
336106,,,1T,2025,11552618587
336467,,,1T,2025,566984856
336831,,,1T,2025,2049081519
336858,,,1T,2025,197929318456
337188,,,1T,2025,8546741384
337374,,,1T,2025,7749767670
337498,,,1T,2025,2126178896
337561,,,1T,2025,517724403
337668,,,1T,2025,18252693866
337871,,,1T,2025,3790133674
338346,,,1T,2025,761867817
338648,,,1T,2025,6166155860
339458,,,1T,2025,114103427
339679,,,1T,2025,261653662981
339954,,,1T,2025,20280673518
340162,,,1T,2025,137905592
340251,,,1T,2025,2689257565
340782,,,1T,2025,18404772538
340952,,,1T,2025,8325359749
341819,,,1T,2025,74948923
341941,,,1T,2025,527104037
342033,,,1T,2025,20451974597
342084,,,1T,2025,31248237694
342131,,,1T,2025,850832491
342157,,,1T,2025,314979711
342203,,,1T,2025,461176774
342343,,,1T,2025,3522415963
342386,,,1T,2025,2726166425
342556,,,1T,2025,5663830018
342611,,,1T,2025,9031073928
342807,,,1T,2025,4210469208
342955,,,1T,2025,91557255
343056,,,1T,2025,130968677
343064,,,1T,2025,2195530305
343129,,,1T,2025,700792864
343153,,,1T,2025,339646305
343269,,,1T,2025,32794912250
343331,,,1T,2025,2223602620
343404,,,1T,2025,41301900
343463,,,1T,2025,1942926727
343676,,,1T,2025,1469189557
343684,,,1T,2025,1785893389
343722,,,1T,2025,573341477
343731,,,1T,2025,21296706249
343765,,,1T,2025,889520802
343889,,,1T,2025,162566207439
344141,,,1T,2025,527307097
344184,,,1T,2025,115503023
344362,,,1T,2025,5109353685
344397,,,1T,2025,8960967727
344451,,,1T,2025,489397025
344729,,,1T,2025,5546407298
344788,,,1T,2025,585257614
344800,,,1T,2025,7699203311
344885,,,1T,2025,50533255419
344915,,,1T,2025,100892834
345091,,,1T,2025,1590255654
345318,,,1T,2025,452063417
345458,,,1T,2025,2593077649
345598,,,1T,2025,5871483564
345709,,,1T,2025,4070556414
345741,,,1T,2025,146168233
345776,,,1T,2025,1707005177
346004,,,1T,2025,421590450
346209,,,1T,2025,3518097574
346276,,,1T,2025,6568105715
346659,,,1T,2025,211845885587
346870,,,1T,2025,232597407
346926,,,1T,2025,38182033447
346951,,,1T,2025,1221461836
347108,,,1T,2025,1049422915
347507,,,1T,2025,5900782159
347604,,,1T,2025,247746848
347655,,,1T,2025,1638670355
347736,,,1T,2025,1024680378
347795,,,1T,2025,156212866
347825,,,1T,2025,50496880
348082,,,1T,2025,7111131078
348180,,,1T,2025,9801380004
348244,,,1T,2025,4963875578
348261,,,1T,2025,1588720988
348295,,,1T,2025,25763305787
348520,,,1T,2025,26200156171
348830,,,1T,2025,5132656649
349534,,,1T,2025,3061944124
349682,,,1T,2025,2521705989
349712,,,1T,2025,12395934183
350141,,,1T,2025,3102562364
350249,,,1T,2025,4024362190
350346,,,1T,2025,567078988
350371,,,1T,2025,6581106254
350494,,,1T,2025,1939333721
350648,,,1T,2025,869375343
350699,,,1T,2025,501104130
350770,,,1T,2025,107771579
351202,,,1T,2025,23688132130
351270,,,1T,2025,930857084
351407,,,1T,2025,4627798911
351776,,,1T,2025,553463026
351792,,,1T,2025,370187795
352179,,,1T,2025,2486082708
352314,,,1T,2025,2590259788
352331,,,1T,2025,28317210415
352501,,,1T,2025,104129719318
352519,,,1T,2025,903159148
352543,,,1T,2025,4100403428
352586,,,1T,2025,1738920093
352683,,,1T,2025,7571425183
353027,,,1T,2025,1984977710
353060,,,1T,2025,6508577000
353264,,,1T,2025,194588501
353353,,,1T,2025,12863196740
353663,,,1T,2025,13546229807
353698,,,1T,2025,925531510
353876,,,1T,2025,1285171496
354031,,,1T,2025,13333464496
354066,,,1T,2025,12390640224
354279,,,1T,2025,2987260223
354295,,,1T,2025,10534216706
354325,,,1T,2025,2475630586
354511,,,1T,2025,3603565546
354562,,,1T,2025,4562120572
354619,,,1T,2025,883137197
354627,,,1T,2025,1425765975961
354678,,,1T,2025,502719048
354783,,,1T,2025,10068277287
354996,,,1T,2025,891728356
355097,,,1T,2025,21213497339
355151,,,1T,2025,10262996589
355577,,,1T,2025,2175229972
355593,,,1T,2025,1796023889
355691,,,1T,2025,22990651336
355721,,,1T,2025,22199302134
356123,,,1T,2025,6294827840
356417,,,1T,2025,13242461188
356476,,,1T,2025,3514640571
356581,,,1T,2025,2330863370
357022,,,1T,2025,3003261727
357138,,,1T,2025,5677011133
357260,,,1T,2025,5105925512
357391,,,1T,2025,55070020039
357511,,,1T,2025,19884252219
357669,,,1T,2025,553988035
357715,,,1T,2025,814020590
358053,,,1T,2025,1293589125
358088,,,1T,2025,6346246784
358096,,,1T,2025,2718010492
358282,,,1T,2025,1262574411
358339,,,1T,2025,154189763
358436,,,1T,2025,450142432
358754,,,1T,2025,842397769
359017,,,1T,2025,252946242104
359033,,,1T,2025,943651948
359122,,,1T,2025,2826541758
359289,,,1T,2025,4097543000
359661,,,1T,2025,55750531008
359777,,,1T,2025,8368309961
360244,,,1T,2025,3669946725
360414,,,1T,2025,1667220086
360449,,,1T,2025,41324290787
360783,,,1T,2025,303181438
361011,,,1T,2025,14442771525
361461,,,1T,2025,2139247448
361569,,,1T,2025,398959882
361593,,,1T,2025,309363715
361615,,,1T,2025,3771637060
361941,,,1T,2025,2663227801
362140,,,1T,2025,1871677156
362573,,,1T,2025,1299250152
362832,,,1T,2025,925206562
363189,,,1T,2025,298624911
363286,,,1T,2025,1327630020
363391,,,1T,2025,252149379
363855,,,1T,2025,2608681149
364070,,,1T,2025,723442617
364312,,,1T,2025,11514000212
364584,,,1T,2025,14145281615
364592,,,1T,2025,1544133445
364860,,,1T,2025,7517274557
365238,,,1T,2025,1868927234
365530,,,1T,2025,1097508797
365645,,,1T,2025,330617769
365777,,,1T,2025,2936778130
365785,,,1T,2025,111574161
366064,,,1T,2025,2365619206
366340,,,1T,2025,1264265742
366439,,,1T,2025,408856359
366561,,,1T,2025,8397402894
367087,,,1T,2025,10827047195
367095,,,1T,2025,9090464021
367397,,,1T,2025,7923407674
367613,,,1T,2025,334107638
368148,,,1T,2025,2334199577
368253,,,1T,2025,140356435405
368555,,,1T,2025,662097155
368920,,,1T,2025,2535425286
369292,,,1T,2025,13893557293
369411,,,1T,2025,8873776539
369659,,,1T,2025,21215745433
370070,,,1T,2025,17478946022
370088,,,1T,2025,1822430078
370568,,,1T,2025,150281621
370592,,,1T,2025,297434018
370681,,,1T,2025,4130521983
370711,,,1T,2025,128756099
370975,,,1T,2025,1519919737
371106,,,1T,2025,5826519729
371254,,,1T,2025,29044991596
371564,,,1T,2025,1228500099
371629,,,1T,2025,5956848943
371777,,,1T,2025,4732765340
372561,,,1T,2025,2915919007
372609,,,1T,2025,6353770691
374440,,,1T,2025,931439878
378216,,,1T,2025,1724069558
379280,,,1T,2025,5278773914
379956,,,1T,2025,49297545745
380661,,,1T,2025,8668365869
381144,,,1T,2025,129912159
382281,,,1T,2025,79087964
382540,,,1T,2025,2366813263
382639,,,1T,2025,57864888
382655,,,1T,2025,145409137
382876,,,1T,2025,62999841066
384577,,,1T,2025,27822415313
384704,,,1T,2025,716176885
385255,,,1T,2025,3064132780
385620,,,1T,2025,2724821782
385697,,,1T,2025,12819037628
386588,,,1T,2025,7184111760
386596,,,1T,2025,3605384574
386901,,,1T,2025,801312486
387185,,,1T,2025,863325136
388092,,,1T,2025,242279410
389358,,,1T,2025,351121197
389854,,,1T,2025,305434478
390259,,,1T,2025,210971826
392804,,,1T,2025,8361157781
393533,,,1T,2025,1041134343
394734,,,1T,2025,1935872882
395480,,,1T,2025,2121928309
397245,,,1T,2025,24669719
401081,,,1T,2025,3041547436
401480,,,1T,2025,274544437
402001,,,1T,2025,263223946
402206,,,1T,2025,659086409
402966,,,1T,2025,646318483
403962,,,1T,2025,1536730369
404241,,,1T,2025,634210304
406481,,,1T,2025,2415432808
406554,,,1T,2025,3801382301
406635,,,1T,2025,218678349
406805,,,1T,2025,459637823
406813,,,1T,2025,132139386
406937,,,1T,2025,433772016
406945,,,1T,2025,1436569111
407011,,,1T,2025,20743340067
407224,,,1T,2025,114547830
407534,,,1T,2025,55371897
407569,,,1T,2025,169948976
408026,,,1T,2025,133916900
408034,,,1T,2025,142206587
408093,,,1T,2025,105566763
408263,,,1T,2025,267974322
408522,,,1T,2025,31924703
408794,,,1T,2025,151309381
409243,,,1T,2025,4766541357
409286,,,1T,2025,10268042
409405,,,1T,2025,139577852
409413,,,1T,2025,359553242
409634,,,1T,2025,202834513
409791,,,1T,2025,152564909
410110,,,1T,2025,706778754
410128,,,1T,2025,1055549951
410292,,,1T,2025,1640190526
410608,,,1T,2025,417673137
410624,,,1T,2025,273187561
410888,,,1T,2025,709837637
411248,,,1T,2025,159890916
411256,,,1T,2025,12397448273
411582,,,1T,2025,1420313949
411752,,,1T,2025,6028243286
411809,,,1T,2025,340657985
411868,,,1T,2025,206218047
412015,,,1T,2025,85043012
412058,,,1T,2025,798964562
412252,,,1T,2025,587100540
412295,,,1T,2025,2106333168
412635,,,1T,2025,650108647
412759,,,1T,2025,815283919
412996,,,1T,2025,222328803
413160,,,1T,2025,1185632005
413267,,,1T,2025,7656545
413283,,,1T,2025,106814678
413330,,,1T,2025,1047326971
413372,,,1T,2025,130931168
413429,,,1T,2025,483584178
413518,,,1T,2025,91405397
413534,,,1T,2025,21577078082
413721,,,1T,2025,735239640
413747,,,1T,2025,105456483
414026,,,1T,2025,194117619
414212,,,1T,2025,726377613
414310,,,1T,2025,3376298563
414352,,,1T,2025,3127152959
414387,,,1T,2025,141120171
414492,,,1T,2025,4852759515
414573,,,1T,2025,1905869050
414581,,,1T,2025,4982858926
414654,,,1T,2025,151215254
414662,,,1T,2025,346333572
414689,,,1T,2025,220541988
414701,,,1T,2025,203637355
414905,,,1T,2025,369115608
414930,,,1T,2025,1146521462
415014,,,1T,2025,2511809278
415065,,,1T,2025,1149146364
415081,,,1T,2025,66001559
415111,,,1T,2025,6237374906
415243,,,1T,2025,68343984
415626,,,1T,2025,629922436
415693,,,1T,2025,3987681049
415774,,,1T,2025,4263245262
415901,,,1T,2025,35092556
415910,,,1T,2025,62064815
415936,,,1T,2025,963241126
415944,,,1T,2025,2278751
415987,,,1T,2025,103780166
416398,,,1T,2025,1353208104
416401,,,1T,2025,5433210268
416410,,,1T,2025,596544
416428,,,1T,2025,21952183583
416495,,,1T,2025,1881111548
416525,,,1T,2025,152474357
416568,,,1T,2025,7751710882
416584,,,1T,2025,1386203762
416690,,,1T,2025,2067498446
416738,,,1T,2025,1323936277
416801,,,1T,2025,2047953749
417106,,,1T,2025,64402152
417131,,,1T,2025,39385593
417211,,,1T,2025,1686148150
417220,,,1T,2025,59912158
417297,,,1T,2025,3511369097
417424,,,1T,2025,0
417475,,,1T,2025,222665058
417491,,,1T,2025,72783072
417505,,,1T,2025,14708262978
417530,,,1T,2025,8057285268
417548,,,1T,2025,4628102385
417599,,,1T,2025,2351210227
417611,,,1T,2025,0
417661,,,1T,2025,1640237079
417815,,,1T,2025,1779806150
417831,,,1T,2025,81219125
417947,,,1T,2025,3267058059
417955,,,1T,2025,1634431439
418021,,,1T,2025,8784293538
418072,,,1T,2025,70742706
418129,,,1T,2025,139663404
418137,,,1T,2025,660053219
418161,,,1T,2025,0
418170,,,1T,2025,9483017529
418218,,,1T,2025,118929668
418226,,,1T,2025,164677010
418285,,,1T,2025,1329495357
418374,,,1T,2025,5442718022
418501,,,1T,2025,314366533
418587,,,1T,2025,1777057974
418617,,,1T,2025,1135066978
418650,,,1T,2025,3997751603
418731,,,1T,2025,1773444041
418749,,,1T,2025,200194099
418803,,,1T,2025,2159510412
418820,,,1T,2025,1355435284
418919,,,1T,2025,1520953526
418960,,,1T,2025,-70000
418994,,,1T,2025,15278196
419010,,,1T,2025,10926583305
419028,,,1T,2025,30019690
419052,,,1T,2025,1476635919
419079,,,1T,2025,0
419133,,,1T,2025,54890517938
419141,,,1T,2025,2445796763
419150,,,1T,2025,1439954691
419249,,,1T,2025,5995073704
419257,,,1T,2025,0
419281,,,1T,2025,56501168
419354,,,1T,2025,26577845
419419,,,1T,2025,1010470891
419427,,,1T,2025,1469849626
419486,,,1T,2025,2007371015
419516,,,1T,2025,895719674
419524,,,1T,2025,33097495
419567,,,1T,2025,0
419591,,,1T,2025,173093846
419699,,,1T,2025,1141855322
419753,,,1T,2025,152194395
419851,,,1T,2025,327560167
419958,,,1T,2025,797825647
419974,,,1T,2025,265403154
420000,,,1T,2025,1194260972
420051,,,1T,2025,28646105
420077,,,1T,2025,7015378272
420085,,,1T,2025,393446695
420093,,,1T,2025,129637763
420123,,,1T,2025,217042815
420158,,,1T,2025,1495054357
420166,,,1T,2025,4473354760
420701,,,1T,2025,844777012
420786,,,1T,2025,656005766
420816,,,1T,2025,69580062
420841,,,1T,2025,0
420930,,,1T,2025,49090743
420981,,,1T,2025,20987497
421006,,,1T,2025,1625028384
421146,,,1T,2025,0
421154,,,1T,2025,1224561891
421189,,,1T,2025,43205721
421197,,,1T,2025,2332889299
421341,,,1T,2025,1927201223
421359,,,1T,2025,424712243
421367,,,1T,2025,17726962
421421,,,1T,2025,6550373234
421561,,,1T,2025,23379780
421618,,,1T,2025,145913590
421634,,,1T,2025,106208659
421707,,,1T,2025,322208089
421715,,,1T,2025,61292310502
421723,,,1T,2025,56210404
421731,,,1T,2025,1358043766
421766,,,1T,2025,1671572686
421871,,,1T,2025,287515517
421928,,,1T,2025,7724530625
421944,,,1T,2025,1373309080
422029,,,1T,2025,5483632796
422053,,,1T,2025,3512199099
422070,,,1T,2025,2186534187
422088,,,1T,2025,92518907
422134,,,1T,2025,0
422151,,,1T,2025,402053132
422304,,,1T,2025,153663402
422321,,,1T,2025,1843333244
422339,,,1T,2025,8877671258
422355,,,1T,2025,33306596
422371,,,1T,2025,709855259
422398,,,1T,2025,2376058024
422401,,,1T,2025,0
422479,,,1T,2025,5461075
422576,,,1T,2025,0
422584,,,1T,2025,346045899
422631,,,1T,2025,126653561466
422681,,,1T,2025,2093979366
422746,,,1T,2025,4451264
422754,,,1T,2025,33524073
422762,,,1T,2025,441465562
422771,,,1T,2025,1867080436
422827,,,1T,2025,86558263
422835,,,1T,2025,352640885
422941,,,1T,2025,0
422959,,,1T,2025,135775292
423017,,,1T,2025,0
423173,,,1T,2025,7891933562
423181,,,1T,2025,19343543
423203,,,1T,2025,188713485
423262,,,1T,2025,14222145
423319,,,1T,2025,243127278
423335,,,1T,2025,1063595430
423351,,,1T,2025,610681028
423408,,,1T,2025,37645429
423432,,,1T,2025,81387999
423548,,,1T,2025,58813822
423564,,,1T,2025,16912311
423629,,,1T,2025,400000102
423645,,,1T,2025,25631017
423661,,,1T,2025,2016571760
423718,,,1T,2025,46639474
423742,,,1T,2025,0
423815,,,1T,2025,210737
423858,,,1T,2025,0
423912,,,1T,2025,12592019
424048,,,1T,2025,55841102
424129,,,1T,2025,0
424145,,,1T,2025,0
424161,,,1T,2025,0
424170,,,1T,2025,21815941
